{
  "hash": "8490a088",
  "configHash": "dfa32cb7",
  "lockfileHash": "cc8b3706",
  "browserHash": "e0eb1b09",
  "optimized": {
    "@angular/common": {
      "src": "../../../../../../node_modules/@angular/common/fesm2022/common.mjs",
      "file": "@angular_common.js",
      "fileHash": "7b924f69",
      "needsInterop": false
    },
    "@angular/common/http": {
      "src": "../../../../../../node_modules/@angular/common/fesm2022/http.mjs",
      "file": "@angular_common_http.js",
      "fileHash": "6335d841",
      "needsInterop": false
    },
    "@angular/core": {
      "src": "../../../../../../node_modules/@angular/core/fesm2022/core.mjs",
      "file": "@angular_core.js",
      "fileHash": "6fb5d3b3",
      "needsInterop": false
    },
    "@angular/platform-browser": {
      "src": "../../../../../../node_modules/@angular/platform-browser/fesm2022/platform-browser.mjs",
      "file": "@angular_platform-browser.js",
      "fileHash": "376a23eb",
      "needsInterop": false
    }
  },
  "chunks": {
    "chunk-55ZCUZ64": {
      "file": "chunk-55ZCUZ64.js"
    },
    "chunk-Q5HM5YXO": {
      "file": "chunk-Q5HM5YXO.js"
    },
    "chunk-P3SWQ4N4": {
      "file": "chunk-P3SWQ4N4.js"
    },
    "chunk-GB3GA4WK": {
      "file": "chunk-GB3GA4WK.js"
    }
  }
}